Timestamp,Time [min],Voltage [V],Current [A],Temperature [degC],Capacity [Ah]
2018-11-07 10:49:40,0.0,4.18276,0.0,38.38286,0.0
2018-11-07 10:49:50,0.1667,4.18276,0.0,37.64675,0.0
2018-11-07 10:50:00,0.33336666666666664,4.18259,0.0,36.06938,0.0
2018-11-07 10:50:10,0.5000166666666667,4.18259,0.0,34.07136,0.0
2018-11-07 10:50:20,0.6666833333333334,4.18259,0.0,32.7043,0.0
2018-11-07 10:50:30,0.8333666666666668,4.18242,0.0,31.33724,0.0
2018-11-07 10:50:30,0.8333666666666668,4.18242,0.0,31.33724,0.0
2018-11-07 10:50:40,1.0000833333333334,4.09985,-2.9985,30.70629,-0.00833
2018-11-07 10:50:50,1.1667333333333334,4.08721,-3.00106,30.1805,-0.01667
2018-11-07 10:51:00,1.3333833333333336,4.0776,-3.00106,29.54955,-0.025
2018-11-07 10:51:10,1.5001,4.06951,-3.00106,29.23407,-0.03334
2018-11-07 10:51:20,1.6667833333333335,4.06227,-3.00106,28.70828,-0.04167
2018-11-07 10:51:30,1.8334333333333332,4.05586,-3.00106,28.3928,-0.05001
2018-11-07 10:51:40,2.000066666666667,4.04996,-3.00106,27.86701,-0.05835
2018-11-07 10:51:50,2.1667333333333336,4.04457,-3.00106,27.44638,-0.06668
2018-11-07 10:52:00,2.3333833333333334,4.03951,-2.9985,27.1309,-0.07501
2018-11-07 10:52:10,2.5000833333333334,4.03479,-3.00106,26.71027,-0.08335
2018-11-07 10:52:20,2.6667333333333336,4.03024,-2.9985,26.28963,-0.09168
2018-11-07 10:52:30,2.8334166666666665,4.02619,-3.00106,25.76384,-0.10001
2018-11-07 10:52:40,3.0001,4.02215,-3.00106,25.44836,-0.10835
2018-11-07 10:52:50,3.1667333333333336,4.01844,-3.00106,25.02773,-0.11669
2018-11-07 10:53:00,3.3334166666666665,4.0149,-3.00106,24.81741,-0.12502
2018-11-07 10:53:10,3.5000500000000003,4.01153,-3.00106,24.29162,-0.13336
2018-11-07 10:53:20,3.6667666666666667,4.00816,-3.00106,23.87099,-0.1417
2018-11-07 10:53:30,3.8333999999999997,4.00496,-3.00106,23.55551,-0.15003
2018-11-07 10:53:40,4.0001,4.00192,-3.00106,23.02972,-0.15837
2018-11-07 10:53:50,4.166733333333334,3.99906,-3.00106,22.60908,-0.1667
2018-11-07 10:54:00,4.333433333333334,3.99602,-3.00106,22.29361,-0.17504
2018-11-07 10:54:10,4.500100000000001,3.99316,-3.00106,21.87297,-0.18338
2018-11-07 10:54:20,4.6667499999999995,3.99046,-3.00106,21.34718,-0.19171
2018-11-07 10:54:30,4.8334166666666665,3.98759,-3.00106,21.03171,-0.20004
2018-11-07 10:54:40,5.000083333333333,3.9849,-3.00106,20.50591,-0.20838
2018-11-07 10:54:50,5.166733333333334,3.9822,-2.9985,20.19044,-0.21671
2018-11-07 10:55:00,5.333433333333334,3.9795,-3.00106,19.87496,-0.22505
2018-11-07 10:55:10,5.500083333333333,3.97681,-3.00106,19.34917,-0.23338
2018-11-07 10:55:20,5.6667499999999995,3.97394,-2.9985,19.03369,-0.24172
2018-11-07 10:55:30,5.833383333333333,3.97124,-3.00106,18.61306,-0.25005
2018-11-07 10:55:40,6.00005,3.96855,-3.00106,18.29758,-0.25839
2018-11-07 10:55:50,6.1667499999999995,3.96585,-3.00106,17.77179,-0.26672
2018-11-07 10:56:00,6.333433333333334,3.96315,-3.00106,17.56147,-0.27506
2018-11-07 10:56:10,6.500083333333333,3.96029,-3.00106,16.93052,-0.28339
2018-11-07 10:56:20,6.666783333333333,3.95759,-3.00106,16.61505,-0.29173
2018-11-07 10:56:30,6.833433333333334,3.95489,-3.00106,16.29957,-0.30006
2018-11-07 10:56:40,7.000083333333333,3.95203,-3.00106,15.9841,-0.3084
2018-11-07 10:56:50,7.166716666666667,3.94933,-3.00106,15.56346,-0.31673
2018-11-07 10:57:00,7.333433333333334,3.94647,-2.9985,15.14283,-0.32507
2018-11-07 10:57:10,7.500100000000001,3.9436,-3.00106,14.93251,-0.3334
2018-11-07 10:57:20,7.6667499999999995,3.94073,-2.9985,14.51188,-0.34174
2018-11-07 10:57:30,7.833433333333334,3.9377,-3.00106,14.09124,-0.35007
2018-11-07 10:57:40,8.0001,3.93483,-3.00106,13.67061,-0.35841
2018-11-07 10:57:50,8.16675,3.9318,-2.9985,13.35513,-0.36674
2018-11-07 10:58:00,8.333416666666668,3.9286,-2.9985,13.03966,-0.37508
2018-11-07 10:58:10,8.5001,3.92556,-3.00106,12.82934,-0.38341
2018-11-07 10:58:20,8.666766666666666,3.92236,-3.00106,12.51387,-0.39175
2018-11-07 10:58:30,8.833433333333334,3.91916,-3.00106,12.09323,-0.40008
2018-11-07 10:58:40,9.000083333333333,3.91596,-3.00106,11.77776,-0.40842
2018-11-07 10:58:50,9.166799999999999,3.91258,-2.9985,11.35712,-0.41675
2018-11-07 10:59:00,9.333383333333332,3.90905,-3.00106,11.04165,-0.42509
2018-11-07 10:59:10,9.5001,3.90551,-2.9985,10.72617,-0.43342
2018-11-07 10:59:20,9.666783333333333,3.90197,-3.00106,10.51585,-0.44176
2018-11-07 10:59:30,9.833416666666666,3.89843,-3.00106,10.09522,-0.45009
2018-11-07 10:59:40,10.0001,3.89455,-3.00106,9.77974,-0.45843
2018-11-07 10:59:50,10.166733333333331,3.89084,-3.00106,9.56943,-0.46676
2018-11-07 11:00:00,10.333416666666666,3.88696,-2.9985,9.25395,-0.4751
2018-11-07 11:00:10,10.500083333333333,3.88292,-3.00106,8.83332,-0.48343
2018-11-07 11:00:20,10.66675,3.87887,-3.00106,8.51784,-0.49177
2018-11-07 11:00:30,10.8334,3.87466,-3.00106,8.20237,-0.5001
2018-11-07 11:00:40,11.0001,3.87045,-3.00106,7.78173,-0.50844
2018-11-07 11:00:50,11.166716666666666,3.86606,-3.00106,7.57141,-0.51677
2018-11-07 11:01:00,11.3334,3.86168,-2.9985,7.04562,-0.52511
2018-11-07 11:01:10,11.500049999999998,3.85713,-3.00106,6.8353,-0.53344
2018-11-07 11:01:20,11.666733333333331,3.85258,-2.9985,6.62499,-0.54178
2018-11-07 11:01:30,11.833466666666665,3.84803,-2.9985,6.41467,-0.55011
2018-11-07 11:01:40,12.000066666666665,3.84331,-3.00106,6.20435,-0.55844
2018-11-07 11:01:50,12.166766666666666,3.83859,-3.00106,5.99404,-0.56678
2018-11-07 11:02:00,12.3334,3.8337,-3.00106,5.5734,-0.57511
2018-11-07 11:02:10,12.500083333333333,3.82898,-3.00106,5.46824,-0.58345
2018-11-07 11:02:20,12.666766666666666,3.82409,-2.9985,5.25793,-0.59178
2018-11-07 11:02:30,12.833416666666666,3.8192,-3.00106,4.94245,-0.60012
2018-11-07 11:02:40,13.0001,3.81432,-3.00106,4.73213,-0.60845
2018-11-07 11:02:50,13.166766666666666,3.80926,-3.00106,4.62698,-0.61679
2018-11-07 11:03:00,13.3334,3.80437,-3.00106,4.41666,-0.62512
2018-11-07 11:03:10,13.5001,3.79948,-3.00106,4.20634,-0.63345
2018-11-07 11:03:20,13.666766666666666,3.79443,-3.00106,3.89087,-0.64179
2018-11-07 11:03:30,13.833433333333334,3.78954,-2.9985,3.68055,-0.65013
2018-11-07 11:03:40,14.0001,3.78448,-3.00106,3.57539,-0.65846
2018-11-07 11:03:50,14.166766666666666,3.77959,-3.00106,3.47023,-0.6668
2018-11-07 11:04:00,14.3334,3.77454,-3.00106,3.15476,-0.67513
2018-11-07 11:04:10,14.500116666666665,3.76965,-3.00106,3.15476,-0.68346
2018-11-07 11:04:20,14.666766666666666,3.76476,-3.00106,3.0496,-0.6918
2018-11-07 11:04:30,14.833416666666666,3.76004,-3.00106,2.94444,-0.70013
2018-11-07 11:04:40,15.000066666666665,3.75532,-2.9985,2.83928,-0.70847
2018-11-07 11:04:50,15.16675,3.7506,-3.00106,2.73412,-0.7168
2018-11-07 11:05:00,15.333416666666666,3.74588,-3.00106,2.62896,-0.72514
2018-11-07 11:05:10,15.500049999999998,3.74133,-3.00106,2.41865,-0.73347
2018-11-07 11:05:20,15.666766666666666,3.73695,-3.00106,2.41865,-0.74181
2018-11-07 11:05:30,15.83345,3.7324,-3.00106,2.31349,-0.75014
2018-11-07 11:05:40,16.000083333333333,3.72818,-3.00106,2.31349,-0.75847
2018-11-07 11:05:50,16.166733333333333,3.72329,-3.00106,2.20833,-0.76681
2018-11-07 11:06:00,16.333433333333332,3.71959,-3.00106,2.20833,-0.77515
2018-11-07 11:06:10,16.5001,3.71554,-3.00106,2.10317,-0.78348
2018-11-07 11:06:20,16.666766666666668,3.71149,-3.00106,1.99801,-0.79182
2018-11-07 11:06:30,16.833416666666665,3.70745,-3.00106,1.99801,-0.80015
2018-11-07 11:06:40,17.000066666666665,3.70357,-3.00106,2.10317,-0.80849
2018-11-07 11:06:50,17.166733333333333,3.6997,-3.00106,1.99801,-0.81682
2018-11-07 11:07:00,17.333449999999996,3.69582,-3.00106,1.99801,-0.82515
2018-11-07 11:07:10,17.500066666666665,3.69194,-3.00106,1.89285,-0.83349
2018-11-07 11:07:20,17.666749999999997,3.68823,-3.00106,1.89285,-0.84182
2018-11-07 11:07:30,17.833416666666665,3.68452,-3.00106,1.7877,-0.85016
2018-11-07 11:07:40,18.000049999999998,3.68099,-3.00106,1.7877,-0.85849
2018-11-07 11:07:50,18.16678333333333,3.67728,-3.00106,1.7877,-0.86683
2018-11-07 11:08:00,18.333433333333332,3.67374,-3.00106,1.7877,-0.87516
2018-11-07 11:08:10,18.500049999999998,3.6702,-3.00106,1.68254,-0.8835
2018-11-07 11:08:20,18.666733333333333,3.66666,-2.9985,1.7877,-0.89183
2018-11-07 11:08:30,18.833399999999997,3.66312,-3.00106,1.68254,-0.90017
2018-11-07 11:08:40,19.000099999999996,3.65958,-3.00106,1.7877,-0.90851
2018-11-07 11:08:50,19.16678333333333,3.65604,-2.9985,1.68254,-0.91684
2018-11-07 11:09:00,19.333399999999997,3.6525,-3.00106,1.57738,-0.92517
2018-11-07 11:09:10,19.500116666666663,3.64896,-2.9985,1.57738,-0.93351
2018-11-07 11:09:20,19.666749999999997,3.64542,-2.9985,1.57738,-0.94184
2018-11-07 11:09:30,19.833449999999996,3.64188,-3.00106,1.47222,-0.95018
2018-11-07 11:09:40,20.000049999999998,3.63834,-3.00106,1.57738,-0.95851
2018-11-07 11:09:50,20.166733333333333,3.6348,-3.00106,1.47222,-0.96685
2018-11-07 11:10:00,20.333399999999997,3.63126,-3.00106,1.57738,-0.97518
2018-11-07 11:10:10,20.500066666666665,3.62755,-3.00106,1.57738,-0.98352
2018-11-07 11:10:20,20.66678333333333,3.62401,-3.00106,1.47222,-0.99185
2018-11-07 11:10:30,20.833416666666665,3.6203,-3.00106,1.36706,-1.00019
2018-11-07 11:10:40,21.000049999999998,3.6166,-3.00106,1.36706,-1.00852
2018-11-07 11:10:50,21.16678333333333,3.61306,-3.00106,1.36706,-1.01686
2018-11-07 11:11:00,21.333416666666665,3.60935,-2.9985,1.2619,-1.02519
2018-11-07 11:11:10,21.500083333333333,3.60564,-3.00106,1.36706,-1.03353
2018-11-07 11:11:20,21.666749999999997,3.60193,-3.00106,1.47222,-1.04186
2018-11-07 11:11:30,21.833416666666665,3.59822,-3.00106,1.36706,-1.0502
2018-11-07 11:11:40,22.000099999999996,3.59451,-3.00106,1.47222,-1.05853
2018-11-07 11:11:50,22.166766666666664,3.59081,-3.00106,1.47222,-1.06687
2018-11-07 11:12:00,22.333399999999997,3.5871,-3.00106,1.47222,-1.0752
2018-11-07 11:12:10,22.500066666666665,3.58322,-3.00106,1.47222,-1.08354
2018-11-07 11:12:20,22.666716666666666,3.57934,-3.00106,1.47222,-1.09187
2018-11-07 11:12:30,22.833399999999997,3.57564,-3.00106,1.47222,-1.10021
2018-11-07 11:12:40,23.000099999999996,3.57176,-3.00106,1.36706,-1.10854
2018-11-07 11:12:50,23.166766666666664,3.56788,-3.00106,1.36706,-1.11688
2018-11-07 11:13:00,23.333399999999997,3.56401,-3.00106,1.36706,-1.12521
2018-11-07 11:13:10,23.500066666666665,3.56013,-3.00106,1.36706,-1.13355
2018-11-07 11:13:20,23.666766666666664,3.55625,-3.00106,1.2619,-1.14188
2018-11-07 11:13:30,23.833449999999996,3.55221,-3.00106,1.47222,-1.15022
2018-11-07 11:13:40,24.000066666666665,3.54833,-2.9985,1.36706,-1.15855
2018-11-07 11:13:50,24.166749999999997,3.54445,-3.00106,1.36706,-1.16688
2018-11-07 11:14:00,24.333416666666665,3.54041,-3.00106,1.36706,-1.17522
2018-11-07 11:14:10,24.500083333333333,3.53653,-3.00106,1.36706,-1.18356
2018-11-07 11:14:20,24.666716666666666,3.53248,-3.00106,1.36706,-1.19189
2018-11-07 11:14:30,24.8335,3.52844,-3.00106,1.36706,-1.20023
2018-11-07 11:14:40,25.000066666666665,3.52439,-3.00106,1.36706,-1.20856
2018-11-07 11:14:50,25.166733333333333,3.52035,-3.00106,1.36706,-1.2169
2018-11-07 11:15:00,25.333449999999996,3.5163,-3.00106,1.36706,-1.22524
2018-11-07 11:15:10,25.500066666666665,3.51226,-3.00106,1.36706,-1.23357
2018-11-07 11:15:20,25.666766666666664,3.50821,-3.00106,1.36706,-1.24191
2018-11-07 11:15:30,25.833416666666665,3.50417,-3.00106,1.36706,-1.25024
2018-11-07 11:15:40,26.000099999999996,3.50012,-3.00106,1.2619,-1.25858
2018-11-07 11:15:50,26.166749999999997,3.49608,-3.00106,1.36706,-1.26691
2018-11-07 11:16:00,26.333433333333332,3.49203,-3.00106,1.36706,-1.27525
2018-11-07 11:16:10,26.500099999999996,3.48799,-3.00106,1.36706,-1.28358
2018-11-07 11:16:20,26.66678333333333,3.48394,-3.00106,1.2619,-1.29192
2018-11-07 11:16:30,26.833433333333332,3.47989,-3.00106,1.2619,-1.30025
2018-11-07 11:16:40,27.000066666666665,3.47585,-3.00106,1.36706,-1.30858
2018-11-07 11:16:50,27.166749999999997,3.4718,-3.00106,1.36706,-1.31692
2018-11-07 11:17:00,27.333449999999996,3.46776,-3.00106,1.2619,-1.32525
2018-11-07 11:17:10,27.500099999999996,3.46371,-3.00106,1.36706,-1.33359
2018-11-07 11:17:20,27.666766666666664,3.45984,-3.00106,1.36706,-1.34192
2018-11-07 11:17:30,27.833449999999996,3.45579,-3.00106,1.36706,-1.35026
2018-11-07 11:17:40,28.000083333333333,3.45175,-3.00106,1.36706,-1.35859
2018-11-07 11:17:50,28.166716666666666,3.4477,-3.00106,1.36706,-1.36693
2018-11-07 11:18:00,28.333399999999997,3.44382,-3.00106,1.36706,-1.37526
2018-11-07 11:18:10,28.500116666666663,3.43978,-3.00106,1.36706,-1.3836
2018-11-07 11:18:20,28.666733333333333,3.4359,-3.00106,1.36706,-1.39193
2018-11-07 11:18:30,28.833433333333332,3.43186,-2.9985,1.36706,-1.40027
2018-11-07 11:18:40,29.000099999999996,3.42798,-2.9985,1.36706,-1.4086
2018-11-07 11:18:50,29.166733333333333,3.4241,-3.00106,1.36706,-1.41694
2018-11-07 11:19:00,29.333416666666665,3.42022,-3.00106,1.36706,-1.42527
2018-11-07 11:19:10,29.500083333333333,3.41635,-3.00106,1.36706,-1.43361
2018-11-07 11:19:20,29.666733333333333,3.41264,-3.00106,1.47222,-1.44194
2018-11-07 11:19:30,29.833399999999997,3.40876,-2.9985,1.36706,-1.45027
2018-11-07 11:19:40,30.000099999999996,3.40505,-2.9985,1.36706,-1.45861
2018-11-07 11:19:50,30.166766666666664,3.40118,-3.00106,1.36706,-1.46695
2018-11-07 11:20:00,30.333433333333332,3.39747,-3.00106,1.36706,-1.47528
2018-11-07 11:20:10,30.50015,3.39376,-3.00106,1.36706,-1.48362
2018-11-07 11:20:20,30.66678333333333,3.39005,-3.00106,1.47222,-1.49195
2018-11-07 11:20:30,30.833416666666665,3.38634,-3.00106,1.36706,-1.50028
2018-11-07 11:20:40,31.000083333333333,3.3828,-3.00106,1.36706,-1.50862
2018-11-07 11:20:50,31.166766666666664,3.3791,-2.9985,1.36706,-1.51696
2018-11-07 11:21:00,31.333399999999997,3.37556,-3.00106,1.47222,-1.52529
2018-11-07 11:21:10,31.500066666666665,3.37202,-3.00106,1.2619,-1.53362
2018-11-07 11:21:20,31.666733333333333,3.36848,-3.00106,1.36706,-1.54195
2018-11-07 11:21:30,31.833416666666665,3.36494,-3.00106,1.2619,-1.55029
2018-11-07 11:21:40,32.00006666666666,3.36157,-3.00106,1.36706,-1.55862
2018-11-07 11:21:50,32.16675,3.35803,-2.9985,1.36706,-1.56696
2018-11-07 11:22:00,32.333416666666665,3.35466,-3.00106,1.36706,-1.57529
2018-11-07 11:22:10,32.50005,3.35128,-3.00106,1.36706,-1.58363
2018-11-07 11:22:20,32.66676666666667,3.34791,-3.00106,1.36706,-1.59196
2018-11-07 11:22:30,32.83343333333333,3.34454,-3.00106,1.36706,-1.6003
2018-11-07 11:22:40,33.00008333333333,3.34117,-2.9985,1.36706,-1.60863
2018-11-07 11:22:50,33.16675,3.33797,-2.9985,1.36706,-1.61696
2018-11-07 11:23:00,33.33343333333333,3.3346,-2.9985,1.47222,-1.62529
2018-11-07 11:23:10,33.50006666666666,3.33139,-3.00106,1.47222,-1.63362
2018-11-07 11:23:20,33.66676666666667,3.32819,-3.00106,1.47222,-1.64196
2018-11-07 11:23:30,33.83343333333333,3.32499,-3.00106,1.57738,-1.6503
2018-11-07 11:23:40,34.00008333333333,3.32179,-3.00106,1.36706,-1.65863
2018-11-07 11:23:50,34.166716666666666,3.31875,-2.9985,1.47222,-1.66696
2018-11-07 11:24:00,34.33341666666667,3.31555,-3.00106,1.47222,-1.6753
2018-11-07 11:24:10,34.500083333333336,3.31235,-3.00106,1.47222,-1.68363
2018-11-07 11:24:20,34.66673333333334,3.30931,-2.9985,1.57738,-1.69197
2018-11-07 11:24:30,34.833400000000005,3.30628,-3.00106,1.47222,-1.7003
2018-11-07 11:24:40,35.0001,3.30308,-3.00106,1.47222,-1.70864
2018-11-07 11:24:50,35.16673333333334,3.30004,-3.00106,1.47222,-1.71697
2018-11-07 11:25:00,35.33345,3.29701,-2.9985,1.47222,-1.72531
2018-11-07 11:25:10,35.5001,3.29397,-3.00106,1.47222,-1.73364
2018-11-07 11:25:20,35.66673333333334,3.29094,-3.00106,1.47222,-1.74198
2018-11-07 11:25:30,35.83341666666667,3.28791,-3.00106,1.47222,-1.75032
2018-11-07 11:25:40,36.000066666666676,3.28504,-3.00106,1.47222,-1.75865
2018-11-07 11:25:50,36.16675,3.28201,-3.00106,1.36706,-1.76699
2018-11-07 11:26:00,36.333400000000005,3.27897,-3.00106,1.36706,-1.77532
2018-11-07 11:26:10,36.50011666666667,3.27594,-3.00106,1.47222,-1.78366
2018-11-07 11:26:20,36.66673333333334,3.2729,-3.00106,1.47222,-1.79199
2018-11-07 11:26:30,36.83341666666667,3.27004,-3.00106,1.47222,-1.80033
2018-11-07 11:26:40,37.0001,3.26701,-3.00106,1.47222,-1.80866
2018-11-07 11:26:50,37.166716666666666,3.26414,-3.00106,1.47222,-1.817
2018-11-07 11:27:00,37.333400000000005,3.26111,-2.9985,1.47222,-1.82533
2018-11-07 11:27:10,37.50013333333334,3.25807,-3.00106,1.57738,-1.83367
2018-11-07 11:27:20,37.666766666666675,3.25521,-3.00106,1.57738,-1.842
2018-11-07 11:27:30,37.833400000000005,3.25217,-2.9985,1.57738,-1.85034
2018-11-07 11:27:40,38.000066666666676,3.24931,-3.00106,1.57738,-1.85867
2018-11-07 11:27:50,38.166766666666675,3.24627,-3.00106,1.68254,-1.86701
2018-11-07 11:28:00,38.33341666666667,3.24341,-3.00106,1.68254,-1.87535
2018-11-07 11:28:10,38.5001,3.24037,-2.9985,1.68254,-1.88368
2018-11-07 11:28:20,38.666716666666666,3.23751,-2.9985,1.57738,-1.89201
2018-11-07 11:28:30,38.83338333333334,3.23464,-3.00106,1.57738,-1.90035
2018-11-07 11:28:40,39.000083333333336,3.23161,-3.00106,1.57738,-1.90868
2018-11-07 11:28:50,39.16673333333334,3.22857,-2.9985,1.68254,-1.91702
2018-11-07 11:29:00,39.33341666666667,3.22554,-3.00106,1.57738,-1.92536
2018-11-07 11:29:10,39.50005,3.22251,-3.00106,1.57738,-1.93369
2018-11-07 11:29:20,39.666766666666675,3.21947,-3.00106,1.68254,-1.94203
2018-11-07 11:29:30,39.833400000000005,3.21644,-3.00106,1.68254,-1.95036
2018-11-07 11:29:40,40.000066666666676,3.2134,-3.00106,1.68254,-1.9587
2018-11-07 11:29:50,40.166783333333335,3.21037,-2.9985,1.68254,-1.96703
2018-11-07 11:30:00,40.33346666666667,3.20717,-3.00106,1.68254,-1.97537
2018-11-07 11:30:10,40.5001,3.20413,-3.00106,1.68254,-1.9837
2018-11-07 11:30:20,40.66673333333334,3.2011,-2.9985,1.57738,-1.99203
2018-11-07 11:30:30,40.833400000000005,3.1979,-3.00106,1.7877,-2.00037
2018-11-07 11:30:40,41.000066666666676,3.19469,-2.9985,1.7877,-2.0087
2018-11-07 11:30:50,41.166766666666675,3.19166,-3.00106,1.68254,-2.01704
2018-11-07 11:31:00,41.333400000000005,3.18846,-2.9985,1.7877,-2.02537
2018-11-07 11:31:10,41.50005,3.18525,-3.00106,1.7877,-2.03371
2018-11-07 11:31:20,41.666716666666666,3.18188,-2.9985,1.7877,-2.04204
2018-11-07 11:31:30,41.83345,3.17868,-3.00106,1.7877,-2.05038
2018-11-07 11:31:40,42.000066666666676,3.17548,-3.00106,1.89285,-2.05871
2018-11-07 11:31:50,42.16675,3.17211,-3.00106,1.89285,-2.06705
2018-11-07 11:32:00,42.33343333333334,3.1689,-2.9985,1.89285,-2.07538
2018-11-07 11:32:10,42.50011666666667,3.16553,-3.00106,1.89285,-2.08372
2018-11-07 11:32:20,42.666766666666675,3.16199,-3.00106,1.7877,-2.09205
2018-11-07 11:32:30,42.83341666666667,3.15862,-3.00106,1.89285,-2.10039
2018-11-07 11:32:40,43.0001,3.15508,-3.00106,1.7877,-2.10872
2018-11-07 11:32:50,43.166716666666666,3.15154,-3.00106,1.7877,-2.11705
2018-11-07 11:33:00,43.33343333333334,3.14783,-3.00106,1.7877,-2.12538
2018-11-07 11:33:10,43.50013333333334,3.14413,-3.00106,1.89285,-2.13372
2018-11-07 11:33:20,43.666716666666666,3.14042,-2.9985,1.89285,-2.14205
2018-11-07 11:33:30,43.83343333333334,3.13671,-2.9985,1.89285,-2.15038
2018-11-07 11:33:40,44.00005,3.13283,-3.00106,1.89285,-2.15871
2018-11-07 11:33:50,44.166766666666675,3.12896,-3.00106,1.89285,-2.16705
2018-11-07 11:34:00,44.33343333333334,3.12508,-3.00106,1.89285,-2.17538
2018-11-07 11:34:10,44.50005,3.12103,-3.00106,1.89285,-2.18372
2018-11-07 11:34:20,44.666783333333335,3.11699,-3.00106,1.89285,-2.19205
2018-11-07 11:34:30,44.833400000000005,3.11277,-3.00106,1.7877,-2.20039
2018-11-07 11:34:40,45.0001,3.10856,-3.00106,1.89285,-2.20872
2018-11-07 11:34:50,45.166766666666675,3.10435,-3.00106,1.99801,-2.21706
2018-11-07 11:35:00,45.33343333333334,3.09996,-3.00106,1.89285,-2.22539
2018-11-07 11:35:10,45.5001,3.09541,-3.00106,1.99801,-2.23373
2018-11-07 11:35:20,45.666766666666675,3.09086,-3.00106,1.89285,-2.24206
2018-11-07 11:35:30,45.83343333333334,3.08631,-3.00106,1.99801,-2.25039
2018-11-07 11:35:40,46.00005,3.08142,-3.00106,1.99801,-2.25873
2018-11-07 11:35:50,46.166766666666675,3.07637,-3.00106,1.99801,-2.26706
2018-11-07 11:36:00,46.333400000000005,3.07131,-3.00106,1.99801,-2.2754
2018-11-07 11:36:10,46.50015,3.06608,-2.9985,1.99801,-2.28373
2018-11-07 11:36:20,46.66675,3.06069,-3.00106,1.99801,-2.29207
2018-11-07 11:36:30,46.83341666666667,3.05513,-3.00106,1.99801,-2.3004
2018-11-07 11:36:40,47.00011666666667,3.0494,-2.9985,1.99801,-2.30874
2018-11-07 11:36:50,47.16675,3.0435,-3.00106,1.99801,-2.31707
2018-11-07 11:37:00,47.33343333333334,3.03743,-3.00106,1.89285,-2.32541
2018-11-07 11:37:10,47.500066666666676,3.03102,-3.00106,1.89285,-2.33374
2018-11-07 11:37:20,47.66673333333334,3.02445,-3.00106,1.99801,-2.34208
2018-11-07 11:37:30,47.833400000000005,3.01771,-2.9985,2.10317,-2.35041
2018-11-07 11:37:40,48.000083333333336,3.01046,-3.00106,2.10317,-2.35875
2018-11-07 11:37:50,48.166766666666675,3.00304,-3.00106,1.99801,-2.36708
2018-11-07 11:38:00,48.33341666666667,2.99529,-3.00106,1.99801,-2.37542
2018-11-07 11:38:10,48.500083333333336,2.98703,-3.00106,1.99801,-2.38375
2018-11-07 11:38:20,48.66673333333334,2.97843,-2.9985,1.99801,-2.39209
2018-11-07 11:38:30,48.83343333333334,2.9695,-2.9985,1.99801,-2.40042
2018-11-07 11:38:40,49.000083333333336,2.95989,-3.00106,2.10317,-2.40876
2018-11-07 11:38:50,49.166766666666675,2.94978,-3.00106,1.99801,-2.41709
2018-11-07 11:39:00,49.33341666666667,2.93882,-2.9985,2.10317,-2.42542
2018-11-07 11:39:10,49.500083333333336,2.92702,-3.00106,2.10317,-2.43376
2018-11-07 11:39:20,49.66675,2.91472,-3.00106,2.10317,-2.44209
2018-11-07 11:39:30,49.83341666666667,2.9014,-3.00106,2.10317,-2.45043
2018-11-07 11:39:40,50.000083333333336,2.88741,-3.00106,2.10317,-2.45877
2018-11-07 11:39:50,50.16675,2.87224,-3.00106,2.20833,-2.4671
2018-11-07 11:40:00,50.33341666666667,2.85606,-3.00106,2.10317,-2.47544
2018-11-07 11:40:10,50.5001,2.83887,-3.00106,2.20833,-2.48377
2018-11-07 11:40:20,50.66675,2.82016,-3.00106,2.20833,-2.49211
2018-11-07 11:40:30,50.832300000000004,2.79993,-3.00106,2.20833,-2.50036
2018-11-07 11:40:30,50.832366666666665,2.79993,0.0,2.20833,-2.50036
2018-11-07 11:40:40,50.99908333333334,3.04883,0.0,2.20833,-2.50036
2018-11-07 11:40:50,51.165733333333336,3.08608,0.0,2.20833,-2.50036
2018-11-07 11:41:00,51.33243333333334,3.1117,0.0,2.10317,-2.50036
2018-11-07 11:41:10,51.49908333333334,3.13109,0.0,2.10317,-2.50036
2018-11-07 11:41:20,51.66575,3.14626,0.0,1.99801,-2.50036
2018-11-07 11:41:30,51.83241666666667,3.15856,0.0,1.89285,-2.50036
2018-11-07 11:41:40,51.999050000000004,3.16901,0.0,1.7877,-2.50036
2018-11-07 11:41:50,52.165733333333336,3.17761,0.0,1.68254,-2.50036
2018-11-07 11:42:00,52.3324,3.18503,0.0,1.68254,-2.50036
2018-11-07 11:42:10,52.49908333333334,3.19143,0.0,1.57738,-2.50036
2018-11-07 11:42:20,52.665733333333336,3.19716,0.0,1.36706,-2.50036
2018-11-07 11:42:30,52.83241666666667,3.20205,0.0,1.36706,-2.50036
2018-11-07 11:42:40,52.99908333333334,3.20643,0.0,1.2619,-2.50036
2018-11-07 11:42:50,53.165733333333336,3.21031,0.0,1.15674,-2.50036
2018-11-07 11:43:00,53.332366666666665,3.21368,0.0,1.15674,-2.50036
2018-11-07 11:43:10,53.499100000000006,3.21689,0.0,1.05159,-2.50036
2018-11-07 11:43:20,53.66571666666667,3.21958,0.0,0.84127,-2.50036
2018-11-07 11:43:30,53.83241666666667,3.22211,0.0,0.84127,-2.50036
2018-11-07 11:43:40,53.99908333333334,3.22447,0.0,0.73611,-2.50036
2018-11-07 11:43:50,54.16571666666667,3.22649,0.0,0.73611,-2.50036
2018-11-07 11:44:00,54.3324,3.22852,0.0,0.63095,-2.50036
2018-11-07 11:44:10,54.49903333333334,3.2302,0.0,0.52579,-2.50036
2018-11-07 11:44:20,54.665733333333336,3.23172,0.0,0.42063,-2.50036
2018-11-07 11:44:30,54.83241666666667,3.23324,0.0,0.42063,-2.50036
2018-11-07 11:44:40,54.99908333333334,3.23458,0.0,0.42063,-2.50036
2018-11-07 11:44:50,55.16575,3.23576,0.0,0.42063,-2.50036
2018-11-07 11:45:00,55.33241666666667,3.23694,0.0,0.31548,-2.50036
2018-11-07 11:45:10,55.499050000000004,3.23812,0.0,0.21032,-2.50036
2018-11-07 11:45:20,55.665733333333336,3.23914,0.0,0.31548,-2.50036
2018-11-07 11:45:30,55.83241666666667,3.23998,0.0,0.21032,-2.50036
2018-11-07 11:45:40,55.999066666666664,3.24099,0.0,0.10516,-2.50036
2018-11-07 11:45:50,56.16575,3.24183,0.0,0.10516,-2.50036
2018-11-07 11:46:00,56.3324,3.24251,0.0,0.10516,-2.50036
2018-11-07 11:46:10,56.499050000000004,3.24318,0.0,0.0,-2.50036
2018-11-07 11:46:20,56.66575,3.24402,0.0,0.0,-2.50036
2018-11-07 11:46:30,56.83238333333334,3.2447,0.0,0.10516,-2.50036
2018-11-07 11:46:40,56.999050000000004,3.2452,0.0,0.10516,-2.50036
2018-11-07 11:46:50,57.165733333333336,3.24588,0.0,0.0,-2.50036
2018-11-07 11:47:00,57.3324,3.24638,0.0,0.0,-2.50036
2018-11-07 11:47:10,57.499050000000004,3.24689,0.0,-0.10516,-2.50036
2018-11-07 11:47:20,57.665733333333336,3.2474,0.0,-0.10516,-2.50036
2018-11-07 11:47:30,57.8324,3.2479,0.0,-0.21032,-2.50036
2018-11-07 11:47:40,57.99903333333334,3.24841,0.0,-0.10516,-2.50036
2018-11-07 11:47:50,58.16571666666667,3.24874,0.0,-0.10516,-2.50036
2018-11-07 11:48:00,58.33238333333334,3.24925,0.0,-0.10516,-2.50036
2018-11-07 11:48:10,58.499066666666664,3.24959,0.0,-0.10516,-2.50036
2018-11-07 11:48:20,58.66571666666667,3.25009,0.0,-0.21032,-2.50036
2018-11-07 11:48:30,58.832366666666665,3.25043,0.0,-0.21032,-2.50036
2018-11-07 11:48:40,58.999050000000004,3.25077,0.0,-0.21032,-2.50036
2018-11-07 11:48:50,59.1657,3.2511,0.0,-0.31548,-2.50036
2018-11-07 11:49:00,59.332366666666665,3.25144,0.0,-0.21032,-2.50036
2018-11-07 11:49:10,59.499066666666664,3.25178,0.0,-0.21032,-2.50036
2018-11-07 11:49:20,59.66571666666667,3.25212,0.0,-0.31548,-2.50036
2018-11-07 11:49:30,59.832366666666665,3.25245,0.0,-0.31548,-2.50036
2018-11-07 11:49:40,59.99903333333334,3.25279,0.0,-0.21032,-2.50036
2018-11-07 11:49:50,60.165733333333336,3.25296,0.0,-0.31548,-2.50036
2018-11-07 11:50:00,60.3324,3.2533,0.0,-0.31548,-2.50036
2018-11-07 11:50:10,60.499050000000004,3.25363,0.0,-0.42063,-2.50036
2018-11-07 11:50:20,60.66571666666667,3.2538,0.0,-0.42063,-2.50036
2018-11-07 11:50:30,60.83238333333334,3.25414,0.0,-0.42063,-2.50036
2018-11-07 11:50:30,60.83238333333334,3.25414,0.0,-0.42063,-2.50036
